"Object:";"123";;;;;;;;;
"+67°21'44.09""";"271.417";"271.417";-0.0;1636244844227;1636244934233;"589.202;779.476;866.052;1779.448;4697.899;6941.803;7491.893;7802.596;8365.533;9062.18";"21h27m45.579s";"589.202;779.476;866.052;1779.448;4697.899;6941.803;7491.893;7802.596;8365.533;9062.18";"108133573258632378409";"Rastislav main"
"+67°21'49.97""";"288.641";"288.641";-0.0;1636246329952;1636246419952;"703.324;948.915;1358.977;2268.931;5569.586;9145.42;10968.762;12307.193;13126.623;14316.966";"21h27m44.647s";"703.324;948.915;1358.977;2268.931;5569.586;9145.42;10968.762;12307.193;13126.623;14316.966";"108133573258632378409";"Rastislav main"
"+67°21'45.11""";"294.923";"294.923";-0.0;1636245772868;1636245862870;"630.308;822.796;1071.678;1716.264;4433.647;6881.021;7779.198;8140.107;8350.535;9351.966";"21h27m44.791s";"630.308;822.796;1071.678;1716.264;4433.647;6881.021;7779.198;8140.107;8350.535;9351.966";"108133573258632378409";"Rastislav main"
"+67°21'41.42""";"265.159";"265.159";-0.0;1636245587161;1636245677164;"488.62;593.203;753.765;1791.035;4779.075;6811.444;7283.286;7324.903;7242.631;8316.738";"21h27m45.417s";"488.62;593.203;753.765;1791.035;4779.075;6811.444;7283.286;7324.903;7242.631;8316.738";"108133573258632378409";"Rastislav main"
"+67°21'52.19""";"290.607";"290.607";-0.0;1636245029955;1636245119963;"571.838;697.014;657.861;1159.448;4124.347;6599.478;7236.122;7243.665;7354.757;7551.896";"21h27m46.956s";"571.838;697.014;657.861;1159.448;4124.347;6599.478;7236.122;7243.665;7354.757;7551.896";"108133573258632378409";"Rastislav main"
"+67°21'43.37""";"234.223";"234.223";-0.0;1636244472660;1636244562738;"580.229;743.905;908.093;1452.292;4071.33;6730.921;7580.19;8266.068;8333.319;9094.266";"21h27m45.682s";"580.229;743.905;908.093;1452.292;4071.33;6730.921;7580.19;8266.068;8333.319;9094.266";"108133573258632378409";"Rastislav main"
"+67°21'51.27""";"286.356";"286.356";-0.0;1636214477314;1636214567317;"614.34;765.754;804.491;1420.852;4219.714;7079.345;8013.939;7786.95;7466.84;7617.752";"21h27m45.912s";"614.34;765.754;804.491;1420.852;4219.714;7079.345;8013.939;7786.95;7466.84;7617.752";"108133573258632378409";"Rastislav main"
"+67°21'25.84""";saturated;saturated;0.0;1636246515709;1636246605710;"saturated;saturated;saturated;saturated;saturated;saturated;saturated;saturated;saturated;saturated";"21h27m43.937s";"saturated;saturated;saturated;saturated;saturated;saturated;saturated;saturated;saturated;saturated";"108133573258632378409";"Rastislav main"
"+67°21'47.61""";"283.815";"283.815";-0.0;1636246144234;1636246234239;"611.717;775.923;836.839;1239.431;4002.978;6767.299;7638.094;7975.837;8108.568;8756.559";"21h27m43.973s";"611.717;775.923;836.839;1239.431;4002.978;6767.299;7638.094;7975.837;8108.568;8756.559";"108133573258632378409";"Rastislav main"
"+67°21'53.36""";"188.591";"188.591";-0.0;1636245958615;1636246048618;"511.404;690.54;975.813;2108.544;5284.197;6685.87;6881.811;6924.225;7234.348;7853.695";"21h27m47.100s";"511.404;690.54;975.813;2108.544;5284.197;6685.87;6881.811;6924.225;7234.348;7853.695";"108133573258632378409";"Rastislav main"
"+67°21'47.09""";"269.579";"269.579";-0.0;1636245401460;1636245491468;"668.671;791.327;907.244;983.871;2199.485;5364.761;6852.948;7136.521;6967.398;8200.138";"21h27m45.311s";"668.671;791.327;907.244;983.871;2199.485;5364.761;6852.948;7136.521;6967.398;8200.138";"108133573258632378409";"Rastislav main"
"+67°21'44.24""";"262.747";"262.747";-0.0;1636245215799;1636245305801;"557.596;715.873;824.966;1124.927;3548.292;6305.532;7090.6;7192.875;7826.942;8511.419";"21h27m45.266s";"557.596;715.873;824.966;1124.927;3548.292;6305.532;7090.6;7192.875;7826.942;8511.419";"108133573258632378409";"Rastislav main"
"+67°22'20.49""";"135.428";"135.428";-0.0;1636244101196;1636244191197;"376.46;549.303;623.364;773.135;1553.384;4778.948;7196.44;7977.355;8322.332;8613.626";"21h27m44.599s";"376.46;549.303;623.364;773.135;1553.384;4778.948;7196.44;7977.355;8322.332;8613.626";"108133573258632378409";"Rastislav main"
"+67°21'46.49""";"307.592";"307.592";-0.0;1636244658559;1636244748564;"764.278;849.737;819.337;985.498;2966.573;6010.922;7159.14;7595.342;7912.86;8525.339";"21h27m46.415s";"764.278;849.737;819.337;985.498;2966.573;6010.922;7159.14;7595.342;7912.86;8525.339";"108133573258632378409";"Rastislav main"
"+67°21'52.83""";"231.342";"231.342";-0.0;1636244286892;1636244376898;"583.373;760.255;1112.326;2767.472;6009.131;7329.617;7935.557;8089.744;9271.658;10219.54";"21h27m48.321s";"583.373;760.255;1112.326;2767.472;6009.131;7329.617;7935.557;8089.744;9271.658;10219.54";"108133573258632378409";"Rastislav main"
"+67°21'44.81""";"198.29";"198.29";-0.0;1636243915481;1636244005481;"448.886;549.343;752.188;982.548;2887.083;6123.458;7615.82;8085.551;7696.66;8123.478";"21h27m44.081s";"448.886;549.343;752.188;982.548;2887.083;6123.458;7615.82;8085.551;7696.66;8123.478";"108133573258632378409";"Rastislav main"
"+67°21'58.04""";"167.732";"167.732";-0.0;1636243172620;1636243262603;"452.402;616.21;636.094;954.603;2393.661;5964.637;6962.938;7651.328;7639.697;7880.316";"21h27m46.145s";"452.402;616.21;636.094;954.603;2393.661;5964.637;6962.938;7651.328;7639.697;7880.316";"108133573258632378409";"Rastislav main"
"+67°21'51.93""";"233.972";"233.972";-0.0;1636243729727;1636243819731;"595.233;851.172;1098.085;2376.444;5441.92;7229.311;7556.637;8494.097;10831.417;13495.46";"21h27m47.305s";"595.233;851.172;1098.085;2376.444;5441.92;7229.311;7556.637;8494.097;10831.417;13495.46";"108133573258632378409";"Rastislav main"
"+67°21'42.02""";"198.884";"198.884";-0.0;1636241314954;1636241404958;"458.923;552.214;625.283;948.745;2464.46;4495.588;5242.607;5348.998;5380.519;6450.376";"21h27m44.376s";"458.923;552.214;625.283;948.745;2464.46;4495.588;5242.607;5348.998;5380.519;6450.376";"108133573258632378409";"Rastislav main"
"+67°21'44.27""";"245.734";"245.734";-0.0;1636243543952;1636243633956;"477.487;660.306;869.667;1321.969;3495.569;6451.606;8096.729;8282.512;7998.615;8265.208";"21h27m43.757s";"477.487;660.306;869.667;1321.969;3495.569;6451.606;8096.729;8282.512;7998.615;8265.208";"108133573258632378409";"Rastislav main"
"+67°21'42.24""";"199.584";"199.584";-0.0;1636242986955;1636243076958;"468.238;631.139;1007.427;3075.276;5640.639;6688.055;7064.751;7551.674;7701.413;8627.704";"21h27m47.821s";"468.238;631.139;1007.427;3075.276;5640.639;6688.055;7064.751;7551.674;7701.413;8627.704";"108133573258632378409";"Rastislav main"
"+67°21'52.71""";"179.275";"179.275";-0.0;1636242243674;1636242333680;"456.554;594.469;681.289;637.484;947.37;3941.047;5705.707;6667.539;7263.504;7740.456";"21h27m41.292s";"456.554;594.469;681.289;637.484;947.37;3941.047;5705.707;6667.539;7263.504;7740.456";"108133573258632378409";"Rastislav main"
"+67°21'29.73""";"273.088";"273.088";-0.0;1636242057929;1636242147931;"528.479;701.241;751.188;1375.826;3532.721;5464.533;6308.771;6641.379;7581.455;8186.14";"21h27m44.143s";"528.479;701.241;751.188;1375.826;3532.721;5464.533;6308.771;6641.379;7581.455;8186.14";"108133573258632378409";"Rastislav main"
"+67°21'38.83""";"240.338";"240.338";-0.0;1636241872548;1636241962548;"531.798;634.216;792.52;1698.305;4592.397;6799.992;7064.864;7223.359;6988.796;7882.932";"21h27m49.067s";"531.798;634.216;792.52;1698.305;4592.397;6799.992;7064.864;7223.359;6988.796;7882.932";"108133573258632378409";"Rastislav main"
"+67°21'49.54""";"229.969";"229.969";-0.0;1636241129245;1636241219248;"632.697;795.92;969.141;973.217;1755.75;5152.789;6702.301;7199.657;7056.489;7511.01";"21h27m42.749s";"632.697;795.92;969.141;973.217;1755.75;5152.789;6702.301;7199.657;7056.489;7511.01";"108133573258632378409";"Rastislav main"
"+67°21'32.87""";"233.154";"233.154";-0.0;1636243358288;1636243448287;"640.241;899.039;1329.297;3243.645;6318.876;7538.122;8521.066;8995.399;9224.026;10290.334";"21h27m46.491s";"640.241;899.039;1329.297;3243.645;6318.876;7538.122;8521.066;8995.399;9224.026;10290.334";"108133573258632378409";"Rastislav main"
"+67°22'03.34""";"133.747";"133.747";-0.0;1636242801227;1636242891228;"369.208;462.848;530.893;713.747;1810.956;3423.369;4351.957;4789.183;5009.894;4823.026";"21h27m45.427s";"369.208;462.848;530.893;713.747;1810.956;3423.369;4351.957;4789.183;5009.894;4823.026";"108133573258632378409";"Rastislav main"
"+67°21'41.95""";"196.724";"196.724";-0.0;1636242429400;1636242519405;"534.837;669.686;876.28;1208.043;2853.018;5810.272;6883.511;7421.721;7876.069;8123.06";"21h27m43.763s";"534.837;669.686;876.28;1208.043;2853.018;5810.272;6883.511;7421.721;7876.069;8123.06";"108133573258632378409";"Rastislav main"
"+67°21'38.22""";"196.011";"196.011";-0.0;1636241686875;1636241776875;"468.709;687.497;1106.193;2692.081;5300.029;6172.516;6328.782;6455.714;6532.803;7953.251";"21h27m50.230s";"468.709;687.497;1106.193;2692.081;5300.029;6172.516;6328.782;6455.714;6532.803;7953.251";"108133573258632378409";"Rastislav main"
"+67°21'51.59""";"184.798";"184.798";-0.0;1636236376320;1636236466320;"452.977;588.149;687.491;1454.661;4039.969;5732.418;5992.347;6097.893;6141.598;6624.071";"21h27m46.466s";"452.977;588.149;687.491;1454.661;4039.969;5732.418;5992.347;6097.893;6141.598;6624.071";"108133573258632378409";"Rastislav main"
"+67°21'34.81""";"79.235";"79.235";-0.0;1636240200430;1636240290674;"158.858;234.107;216.864;535.779;1274.373;1560.54;1563.843;1744.385;1532.986;1697.348";"21h27m44.333s";"158.858;234.107;216.864;535.779;1274.373;1560.54;1563.843;1744.385;1532.986;1697.348";"108133573258632378409";"Rastislav main"
"+67°22'39.79""";"98.221";"98.221";-0.0;1636234502851;1636234592855;"391.564;647.298;765.956;789.33;956.687;3180.091;7249.006;8492.417;8453.264;8359.463";"21h27m40.891s";"391.564;647.298;765.956;789.33;956.687;3180.091;7249.006;8492.417;8453.264;8359.463";"108133573258632378409";"Rastislav main"
"+67°21'44.02""";"255.622";"255.622";-0.0;1636236145969;1636236235980;"577.63;741.521;927.139;1720.088;4981.9;7227.787;8066.598;8222.547;8154.858;8687.551";"21h27m47.141s";"577.63;741.521;927.139;1720.088;4981.9;7227.787;8066.598;8222.547;8154.858;8687.551";"108133573258632378409";"Rastislav main"
"+67°21'40.40""";"258.569";"258.569";-0.0;1636234728466;1636234818719;"493.774;653.94;888.406;2653.52;5711.605;7079.094;7458.98;7550.482;7592.318;8337.744";"21h27m47.160s";"493.774;653.94;888.406;2653.52;5711.605;7079.094;7458.98;7550.482;7592.318;8337.744";"108133573258632378409";"Rastislav main"
"+67°21'47.02""";"317.875";"98.221";-1.27513;1636234502851;1636234592855;"520.297;654.158;824.593;2060.541;5375.95;7513.942;8069.346;8378.894;8470.169;8993.596";"21h27m47.964s";"391.564;647.298;765.956;789.33;956.687;3180.091;7249.006;8492.417;8453.264;8359.463";"108133573258632378409";"Rastislav main"
"+67°21'47.02""";"317.875";"317.875";-0.0;1636234502851;1636234592855;"520.297;654.158;824.593;2060.541;5375.95;7513.942;8069.346;8378.894;8470.169;8993.596";"21h27m47.964s";"520.297;654.158;824.593;2060.541;5375.95;7513.942;8069.346;8378.894;8470.169;8993.596";"108133573258632378409";"Rastislav main"
"+67°21'56.47""";"108.404";"108.404";-0.0;1636235682118;1636235772121;"252.064;245.14;293.173;174.759;596.411;2568.004;3403.365;3635.671;3481.268;3508.994";"21h27m42.184s";"252.064;245.14;293.173;174.759;596.411;2568.004;3403.365;3635.671;3481.268;3508.994";"108133573258632378409";"Rastislav main"
"+67°21'38.35""";"230.566";"230.566";-0.0;1636234966332;1636235056333;"509.213;726.02;1032.218;2778.88;6082.418;7608.35;7866.224;8007.719;8282.212;9484.606";"21h27m47.020s";"509.213;726.02;1032.218;2778.88;6082.418;7608.35;7866.224;8007.719;8282.212;9484.606";"108133573258632378409";"Rastislav main"
"+67°22'39.79""";"98.221";"317.875";1.27513;1636234502851;1636234592855;"391.564;647.298;765.956;789.33;956.687;3180.091;7249.006;8492.417;8453.264;8359.463";"21h27m40.891s";"520.297;654.158;824.593;2060.541;5375.95;7513.942;8069.346;8378.894;8470.169;8993.596";"108133573258632378409";"Rastislav main"
"+67°21'47.11""";"199.935";"199.935";-0.0;1636233138548;1636233228551;"457.595;596.775;693.933;1376.887;3780.463;5693.748;6532.012;6680.666;6293.918;6852.541";"21h27m48.103s";"457.595;596.775;693.933;1376.887;3780.463;5693.748;6532.012;6680.666;6293.918;6852.541";"108133573258632378409";"Rastislav main"
"+67°21'55.00""";"233.034";"233.034";-0.0;1636234047538;1636234137542;"609.649;749.378;871.052;1278.912;3644.131;7074.8;8292.533;8493.337;8317.781;9112.99";"21h27m44.877s";"609.649;749.378;871.052;1278.912;3644.131;7074.8;8292.533;8493.337;8317.781;9112.99";"108133573258632378409";"Rastislav main"
"+67°21'45.49""";"218.278";"218.278";-0.0;1636233822915;1636233912916;"498.588;629.239;749.646;1685.852;4814.361;6865.256;7317.855;7547.559;7902.722;8466.854";"21h27m47.310s";"498.588;629.239;749.646;1685.852;4814.361;6865.256;7317.855;7547.559;7902.722;8466.854";"108133573258632378409";"Rastislav main"
"+67°21'52.58""";"262.519";"262.519";-0.0;1636234273439;1636234363442;"590.719;752.27;873.644;1174.611;3240.94;6573.499;7653.423;7854.509;7644.796;8164.454";"21h27m43.963s";"590.719;752.27;873.644;1174.611;3240.94;6573.499;7653.423;7854.509;7644.796;8164.454";"108133573258632378409";"Rastislav main"
"+67°21'53.11""";"238.851";"238.851";-0.0;1636231569858;1636231659859;"600.69;816.245;1290.747;2977.79;6027.724;7534.753;7900.463;8044.323;7960.846;8340.862";"21h27m51.029s";"600.69;816.245;1290.747;2977.79;6027.724;7534.753;7900.463;8044.323;7960.846;8340.862";"108133573258632378409";"Rastislav main"
"+67°21'47.78""";"113.742";"113.742";-0.0;1636233593128;1636233683166;"263.417;266.296;330.474;1223.816;2986.969;3547.11;3492.44;3460.821;3472.271;3829.323";"21h27m50.997s";"263.417;266.296;330.474;1223.816;2986.969;3547.11;3492.44;3460.821;3472.271;3829.323";"108133573258632378409";"Rastislav main"
"+67°21'41.02""";"220.975";"220.975";-0.0;1636232903213;1636232993220;"537.4;689.718;821.687;1431.99;4027.024;6072.722;6650.609;6644.554;6374.143;6609.8";"21h27m46.479s";"537.4;689.718;821.687;1431.99;4027.024;6072.722;6650.609;6644.554;6374.143;6609.8";"108133573258632378409";"Rastislav main"
"+67°21'48.74""";"205.894";"205.894";-0.0;1636233366321;1636233456322;"478.554;531.325;591.261;826.916;2808.258;5784.502;6771.795;6988.099;7006.045;7140.683";"21h27m45.987s";"478.554;531.325;591.261;826.916;2808.258;5784.502;6771.795;6988.099;7006.045;7140.683";"108133573258632378409";"Rastislav main"
"+67°21'40.48""";"187.87";"187.87";-0.0;1636232678289;1636232768290;"389.568;412.013;418.892;608.93;1983.542;3277.127;3478.528;3585.336;3474.525;3215.84";"21h27m46.424s";"389.568;412.013;418.892;608.93;1983.542;3277.127;3478.528;3585.336;3474.525;3215.84";"108133573258632378409";"Rastislav main"
"+67°21'48.45""";"239.35";"239.35";-0.0;1636231786509;1636231876512;"637.406;786.844;938.537;1178.386;2519.404;6556.956;8325.774;8538.44;8348.414;8534.955";"21h27m44.375s";"637.406;786.844;938.537;1178.386;2519.404;6556.956;8325.774;8538.44;8348.414;8534.955";"108133573258632378409";"Rastislav main"
"+67°21'45.20""";"230.715";"230.715";-0.0;1636232018688;1636232108687;"583.397;724.306;794.516;1073.988;3467.658;6841.484;7868.972;8197.172;7880.255;8434.449";"21h27m44.784s";"583.397;724.306;794.516;1073.988;3467.658;6841.484;7868.972;8197.172;7880.255;8434.449";"108133573258632378409";"Rastislav main"
"+67°21'48.25""";"235.628";"235.628";-0.0;1636231143905;1636231233979;"496.224;614.986;651.87;1326.24;4280.129;6700.431;7544.707;7483.01;7288.048;7716.491";"21h27m47.255s";"496.224;614.986;651.87;1326.24;4280.129;6700.431;7544.707;7483.01;7288.048;7716.491";"108133573258632378409";"Rastislav main"
"+67°21'37.22""";"167.783";"167.783";-0.0;1636232469216;1636232559219;"334.022;388.946;457.946;1202.022;3092.451;4190.239;4350.554;4338.041;4081.61;4249.662";"21h27m44.607s";"334.022;388.946;457.946;1202.022;3092.451;4190.239;4350.554;4338.041;4081.61;4249.662";"108133573258632378409";"Rastislav main"
"+67°21'49.08""";"229.576";"229.576";-0.0;1636231369148;1636231459150;"592.363;784.106;930.81;1583.039;3946.241;6912.792;7575.845;7736.274;7462.886;7814.962";"21h27m46.071s";"592.363;784.106;930.81;1583.039;3946.241;6912.792;7575.845;7736.274;7462.886;7814.962";"108133573258632378409";"Rastislav main"
"+67°21'39.12""";"200.899";"200.899";-0.0;1636232242497;1636232332500;"378.791;495.276;601.01;949.795;3033.623;5543.093;6228.664;6568.895;6689.679;6849.649";"21h27m45.506s";"378.791;495.276;601.01;949.795;3033.623;5543.093;6228.664;6568.895;6689.679;6849.649";"108133573258632378409";"Rastislav main"
"+67°21'39.65""";"230.259";"230.259";-0.0;1636230460282;1636230550282;"502.521;620.345;749.908;1208.453;3855.888;6683.066;7506.02;7445.769;7182.016;7556.113";"21h27m44.225s";"502.521;620.345;749.908;1208.453;3855.888;6683.066;7506.02;7445.769;7182.016;7556.113";"108133573258632378409";"Rastislav main"
"+67°21'45.41""";"244.379";"244.379";-0.0;1636230914269;1636231004272;"549.853;735.327;1095.373;2805.479;6137.985;7697.732;8017.172;8041.284;8088.683;8574.861";"21h27m47.758s";"549.853;735.327;1095.373;2805.479;6137.985;7697.732;8017.172;8041.284;8088.683;8574.861";"108133573258632378409";"Rastislav main"
"+67°21'41.70""";"187.123";"187.123";-0.0;1636230239040;1636230329044;"439.28;660.804;942.47;1868.891;4516.585;6912.507;7707.044;7938.361;8013.323;8740.784";"21h27m43.921s";"439.28;660.804;942.47;1868.891;4516.585;6912.507;7707.044;7938.361;8013.323;8740.784";"108133573258632378409";"Rastislav main"
"+67°21'33.17""";"183.765";"183.765";-0.0;1636229136225;1636229226229;"404.273;653.213;1054.343;3258.567;6531.937;7676.652;7709.467;7701.257;7874.64;8526.532";"21h27m49.726s";"404.273;653.213;1054.343;3258.567;6531.937;7676.652;7709.467;7701.257;7874.64;8526.532";"108133573258632378409";"Rastislav main"
"+67°21'44.82""";"261.637";"261.637";-0.0;1636230682391;1636230772393;"569.234;773.446;952.009;2278.458;5598.923;7279.335;7479.442;7418.494;7375.068;7835.079";"21h27m45.754s";"569.234;773.446;952.009;2278.458;5598.923;7279.335;7479.442;7418.494;7375.068;7835.079";"108133573258632378409";"Rastislav main"
"+67°21'50.42""";"212.865";"212.865";-0.0;1636229598141;1636229688146;"457.52;509.791;573.898;1030.61;3448.329;6827.764;8104.272;8183.861;8345.27;9050.698";"21h27m45.960s";"457.52;509.791;573.898;1030.61;3448.329;6827.764;8104.272;8183.861;8345.27;9050.698";"108133573258632378409";"Rastislav main"
"+67°21'33.97""";"258.029";"258.029";-0.0;1636230053280;1636230143294;"553.488;666.084;807.645;1601.925;4704.094;7282.155;7717.109;7556.979;7522.672;8064.578";"21h27m46.416s";"553.488;666.084;807.645;1601.925;4704.094;7282.155;7717.109;7556.979;7522.672;8064.578";"108133573258632378409";"Rastislav main"
"+67°21'47.67""";"291.621";"291.621";-0.0;1636229367059;1636229457040;"555.983;690.28;895.004;1927.668;5103.945;7338.504;7668.952;7597.361;7815.115;8299.12";"21h27m48.620s";"555.983;690.28;895.004;1927.668;5103.945;7338.504;7668.952;7597.361;7815.115;8299.12";"108133573258632378409";"Rastislav main"
"+67°21'54.78""";"257.055";"257.055";-0.0;1636228677763;1636228767837;"593.838;681.308;748.519;834.771;2759.836;6218.845;7318.047;7591.682;7466.9;7730.341";"21h27m44.951s";"593.838;681.308;748.519;834.771;2759.836;6218.845;7318.047;7591.682;7466.9;7730.341";"108133573258632378409";"Rastislav main"
"+67°21'44.00""";"233.92";"233.92";-0.0;1636228903774;1636228993773;"518.427;606.367;670.128;1392.653;4599.829;7164.27;7521.488;7499.992;7521.579;8060.182";"21h27m46.266s";"518.427;606.367;670.128;1392.653;4599.829;7164.27;7521.488;7499.992;7521.579;8060.182";"108133573258632378409";"Rastislav main"
"+67°21'42.17""";"256.548";"256.548";-0.0;1636228247432;1636228337437;"637.334;739.078;784.469;1431.264;4621.406;7448.64;8201.585;8388.674;8118.889;8655.117";"21h27m46.574s";"637.334;739.078;784.469;1431.264;4621.406;7448.64;8201.585;8388.674;8118.889;8655.117";"108133573258632378409";"Rastislav main"
"+67°21'44.66""";"224.048";"224.048";-0.0;1636228456225;1636228546234;"521.119;643.706;1058.237;2464.671;5743.279;7904.612;8109.008;7991.919;7815.412;8390.224";"21h27m47.708s";"521.119;643.706;1058.237;2464.671;5743.279;7904.612;8109.008;7991.919;7815.412;8390.224";"108133573258632378409";"Rastislav main"
"+67°21'45.00""";"231.739";"231.739";-0.0;1636227571542;1636227661544;"568.566;660.86;785.271;1000.382;2872.655;6647.531;7901.076;8047.104;7912.165;8080.788";"21h27m44.649s";"568.566;660.86;785.271;1000.382;2872.655;6647.531;7901.076;8047.104;7912.165;8080.788";"108133573258632378409";"Rastislav main"
"+67°21'50.55""";"204.2";"204.2";-0.0;1636228017658;1636228107663;"473.781;622.71;775.71;1644.89;4997.041;7457.824;8195.951;8420.179;8272.098;8533.834";"21h27m47.379s";"473.781;622.71;775.71;1644.89;4997.041;7457.824;8195.951;8420.179;8272.098;8533.834";"108133573258632378409";"Rastislav main"
"+67°21'40.45""";"213.172";"213.172";-0.0;1636227792699;1636227882701;"405.134;554.304;732.439;1545.292;4771.689;7013.764;7743.162;7980.02;8035.329;8432.256";"21h27m44.548s";"405.134;554.304;732.439;1545.292;4771.689;7013.764;7743.162;7980.02;8035.329;8432.256";"108133573258632378409";"Rastislav main"
"+67°21'51.33""";"287.497";"287.497";-0.0;1636227363260;1636227453264;"621.772;794.242;941.959;1691.994;4788.219;7417.445;8056.165;8041.744;8154.245;8782.82";"21h27m46.976s";"621.772;794.242;941.959;1691.994;4788.219;7417.445;8056.165;8041.744;8154.245;8782.82";"108133573258632378409";"Rastislav main"
"+67°21'48.81""";"230.228";"230.228";-0.0;1636227132669;1636227222680;"625.445;726.489;852.624;991.671;2464.629;6405.54;7973.54;8315.95;8171.673;8701.446";"21h27m45.421s";"625.445;726.489;852.624;991.671;2464.629;6405.54;7973.54;8315.95;8171.673;8701.446";"108133573258632378409";"Rastislav main"
"+67°21'35.04""";"221.231";"221.231";-0.0;1636226909001;1636226999060;"455.48;652.097;965.142;2888.687;6326.313;7570.467;7633.674;7747.941;7742.447;8608.468";"21h27m47.131s";"455.48;652.097;965.142;2888.687;6326.313;7570.467;7633.674;7747.941;7742.447;8608.468";"108133573258632378409";"Rastislav main"
"+67°21'54.09""";"85.971";"221.231";1.026235;1636226909001;1636226999060;"348.647;591.076;644.965;631.77;912.389;3928.032;7211.987;8009.1;7694.986;7932.875";"21h27m37.146s";"455.48;652.097;965.142;2888.687;6326.313;7570.467;7633.674;7747.941;7742.447;8608.468";"108133573258632378409";"Rastislav main"
"+67°21'54.09""";"85.971";"85.971";-0.0;1636226909001;1636226999060;"348.647;591.076;644.965;631.77;912.389;3928.032;7211.987;8009.1;7694.986;7932.875";"21h27m37.146s";"348.647;591.076;644.965;631.77;912.389;3928.032;7211.987;8009.1;7694.986;7932.875";"108133573258632378409";"Rastislav main"
"+67°21'35.04""";"221.231";"85.971";-1.026235;1636226909001;1636226999060;"455.48;652.097;965.142;2888.687;6326.313;7570.467;7633.674;7747.941;7742.447;8608.468";"21h27m47.131s";"348.647;591.076;644.965;631.77;912.389;3928.032;7211.987;8009.1;7694.986;7932.875";"108133573258632378409";"Rastislav main"
"+67°21'32.48""";"226.337";"226.337";-0.0;1636226680789;1636226770802;"500.593;663.53;946.762;3083.376;6288.93;7512.477;7636.515;7590.705;7677.057;8538.22";"21h27m49.875s";"500.593;663.53;946.762;3083.376;6288.93;7512.477;7636.515;7590.705;7677.057;8538.22";"108133573258632378409";"Rastislav main"
"+67°21'49.09""";"296.783";"296.783";-0.0;1636225764588;1636225854603;"665.644;719.288;817.673;1075.191;3118.159;6550.283;7798.597;8062.749;7916.591;8393.142";"21h27m46.033s";"665.644;719.288;817.673;1075.191;3118.159;6550.283;7798.597;8062.749;7916.591;8393.142";"108133573258632378409";"Rastislav main"
"+67°21'30.42""";"315.423";"315.423";-0.0;1636226449752;1636226539761;"662.017;887.652;1079.445;2593.348;6143.645;7761.709;8337.845;8600.623;8664.941;9906.583";"21h27m48.162s";"662.017;887.652;1079.445;2593.348;6143.645;7761.709;8337.845;8600.623;8664.941;9906.583";"108133573258632378409";"Rastislav main"
"+67°21'47.52""";"266.37";"266.37";-0.0;1636226220973;1636226310977;"612.026;775.5;843.287;1182.051;3548.815;7055.127;8137.337;8577.227;8682.575;9279.414";"21h27m44.965s";"612.026;775.5;843.287;1182.051;3548.815;7055.127;8137.337;8577.227;8682.575;9279.414";"108133573258632378409";"Rastislav main"
"+67°21'46.31""";"280.664";"280.664";-0.0;1636225535622;1636225625622;"634.245;775.919;802.247;1361.075;4230.876;7250.562;8205.775;8213.169;8167.319;8545.922";"21h27m45.804s";"634.245;775.919;802.247;1361.075;4230.876;7250.562;8205.775;8213.169;8167.319;8545.922";"108133573258632378409";"Rastislav main"
"+67°21'41.24""";"240.789";"240.789";-0.0;1636225989099;1636226079115;"444.195;561.592;769.658;2008.108;5516.802;7219.803;7746.584;7823.028;7777.515;8421.073";"21h27m47.608s";"444.195;561.592;769.658;2008.108;5516.802;7219.803;7746.584;7823.028;7777.515;8421.073";"108133573258632378409";"Rastislav main"
"+67°21'36.14""";"233.65";"233.65";-0.0;1636225081534;1636225171757;"555.256;666.627;715.399;1678.078;5184.682;7747.326;8361.108;8410.602;8483.679;9096.673";"21h27m47.816s";"555.256;666.627;715.399;1678.078;5184.682;7747.326;8361.108;8410.602;8483.679;9096.673";"108133573258632378409";"Rastislav main"
"+67°21'43.34""";"252.563";"252.563";-0.0;1636225307456;1636225397459;"585.744;759.392;935.637;1689.508;4751.685;7624.652;8437.625;8614.849;8418.66;8648.601";"21h27m45.192s";"585.744;759.392;935.637;1689.508;4751.685;7624.652;8437.625;8614.849;8418.66;8648.601";"108133573258632378409";"Rastislav main"
"+67°21'46.16""";"266.998";"266.998";-0.0;1636222629392;1636222719400;"579.943;673.591;814.224;1837.329;5391.149;7659.059;7895.016;7829.16;7710.011;7882.284";"21h27m47.602s";"579.943;673.591;814.224;1837.329;5391.149;7659.059;7895.016;7829.16;7710.011;7882.284";"108133573258632378409";"Rastislav main"
"+67°21'43.05""";"255.887";"255.887";-0.0;1636224855446;1636224945452;"659.752;847.526;946.762;1145.665;3293.39;7074.197;8332.563;8691.179;8649.087;8967.337";"21h27m46.003s";"659.752;847.526;946.762;1145.665;3293.39;7074.197;8332.563;8691.179;8649.087;8967.337";"108133573258632378409";"Rastislav main"
"+67°21'38.69""";"212.422";"212.422";-0.0;1636224635082;1636224725094;"530.54;650.849;661.686;817.251;2525.05;6297.498;7626.271;7989.155;7848.924;8475.293";"21h27m45.228s";"530.54;650.849;661.686;817.251;2525.05;6297.498;7626.271;7989.155;7848.924;8475.293";"108133573258632378409";"Rastislav main"
"+67°21'48.72""";"256.159";"256.159";-0.0;1636221717028;1636221807035;"585.055;728.34;800.377;1038.092;3418.429;6758.298;7704.747;7706.235;7276.513;7601.985";"21h27m43.922s";"585.055;728.34;800.377;1038.092;3418.429;6758.298;7704.747;7706.235;7276.513;7601.985";"108133573258632378409";"Rastislav main"
"+67°21'38.01""";"225.774";"225.774";-0.0;1636224175716;1636224265721;"489.288;704.724;970.678;2836.917;6131.137;7416.068;7539.838;7715.949;7579.932;8402.652";"21h27m48.743s";"489.288;704.724;970.678;2836.917;6131.137;7416.068;7539.838;7715.949;7579.932;8402.652";"108133573258632378409";"Rastislav main"
"+67°21'43.70""";"222.61";"222.61";-0.0;1636223949502;1636224039503;"616.623;766.416;828.65;1089.049;2980.779;6836.386;8198.328;8670.981;8648.698;8801.181";"21h27m46.380s";"616.623;766.416;828.65;1089.049;2980.779;6836.386;8198.328;8670.981;8648.698;8801.181";"108133573258632378409";"Rastislav main"
"+67°21'55.01""";"185.346";"185.346";-0.0;1636223500093;1636223590092;"575.736;851.308;996.198;1127.585;1502.499;4776.922;8810.957;9827.402;9779.238;10320.745";"21h27m37.529s";"575.736;851.308;996.198;1127.585;1502.499;4776.922;8810.957;9827.402;9779.238;10320.745";"108133573258632378409";"Rastislav main"
"+67°21'55.01""";"185.346";"237.051";0.26714644;1636223500093;1636223590092;"575.736;851.308;996.198;1127.585;1502.499;4776.922;8810.957;9827.402;9779.238;10320.745";"21h27m37.529s";"607.311;899.43;1357.169;3385.99;7085.874;8802.444;9443.302;9759.139;10184.738;11352.491";"108133573258632378409";"Rastislav main"
"+67°21'47.73""";"218.692";"218.692";-0.0;1636223731421;1636223821425;"506.349;612.075;712.901;811.713;2939.973;6581.09;7825.077;8182.873;8229.428;8785.46";"21h27m46.142s";"506.349;612.075;712.901;811.713;2939.973;6581.09;7825.077;8182.873;8229.428;8785.46";"108133573258632378409";"Rastislav main"
"+67°21'46.02""";"231.459";"231.459";-0.0;1636223271053;1636223361114;"521.733;578.407;679.404;774.696;2361.185;6357.339;7838.354;8085.474;7725.028;7864.772";"21h27m44.516s";"521.733;578.407;679.404;774.696;2361.185;6357.339;7838.354;8085.474;7725.028;7864.772";"108133573258632378409";"Rastislav main"
"+67°21'55.05""";"231.758";"231.758";-0.0;1636221487577;1636221577448;"571.873;655.892;728.101;1024.337;2910.448;6707.732;8045.963;8146.68;8088.765;8388.445";"21h27m45.573s";"571.873;655.892;728.101;1024.337;2910.448;6707.732;8045.963;8146.68;8088.765;8388.445";"108133573258632378409";"Rastislav main"
"+67°21'41.14""";"249.62";"249.62";-0.0;1636222170821;1636222260824;"566.0;649.371;751.073;1199.892;3807.157;7008.702;8113.259;8478.871;8442.359;8727.625";"21h27m46.819s";"566.0;649.371;751.073;1199.892;3807.157;7008.702;8113.259;8478.871;8442.359;8727.625";"108133573258632378409";"Rastislav main"
"+67°21'41.67""";"280.876";"280.876";-0.0;1636221945811;1636222035814;"566.168;635.585;719.565;1145.665;3779.557;6770.356;7659.04;7937.827;7901.798;8203.698";"21h27m46.937s";"566.168;635.585;719.565;1145.665;3779.557;6770.356;7659.04;7937.827;7901.798;8203.698";"108133573258632378409";"Rastislav main"
"+67°21'39.46""";"261.726";"261.726";-0.0;1636224401550;1636224491555;"529.35;690.072;926.649;2679.539;6313.773;7902.187;8186.783;8441.61;8526.775;9360.178";"21h27m45.031s";"529.35;690.072;926.649;2679.539;6313.773;7902.187;8186.783;8441.61;8526.775;9360.178";"108133573258632378409";"Rastislav main"
"+67°21'57.74""";"232.57";"232.57";-0.0;1636223048208;1636223138216;"533.731;622.015;723.314;1279.83;4081.205;7278.928;8163.458;8360.565;8170.805;8561.227";"21h27m45.204s";"533.731;622.015;723.314;1279.83;4081.205;7278.928;8163.458;8360.565;8170.805;8561.227";"108133573258632378409";"Rastislav main"
"+67°21'35.43""";"237.051";"185.346";-0.26714644;1636223500093;1636223590092;"607.311;899.43;1357.169;3385.99;7085.874;8802.444;9443.302;9759.139;10184.738;11352.491";"21h27m46.701s";"575.736;851.308;996.198;1127.585;1502.499;4776.922;8810.957;9827.402;9779.238;10320.745";"108133573258632378409";"Rastislav main"
"+67°21'35.43""";"237.051";"237.051";-0.0;1636223500093;1636223590092;"607.311;899.43;1357.169;3385.99;7085.874;8802.444;9443.302;9759.139;10184.738;11352.491";"21h27m46.701s";"607.311;899.43;1357.169;3385.99;7085.874;8802.444;9443.302;9759.139;10184.738;11352.491";"108133573258632378409";"Rastislav main"
"+67°21'53.67""";"224.076";"224.076";-0.0;1636222849912;1636222939913;"572.923;695.966;804.506;1309.549;4205.261;7243.831;8150.288;8249.261;8074.849;8393.053";"21h27m46.508s";"572.923;695.966;804.506;1309.549;4205.261;7243.831;8150.288;8249.261;8074.849;8393.053";"108133573258632378409";"Rastislav main"
"+67°21'41.51""";"237.281";"237.281";-0.0;1636222400772;1636222490776;"560.673;667.055;679.197;982.787;3331.534;6665.009;7954.059;8124.257;7675.945;8048.069";"21h27m46.048s";"560.673;667.055;679.197;982.787;3331.534;6665.009;7954.059;8124.257;7675.945;8048.069";"108133573258632378409";"Rastislav main"
"+67°21'53.47""";"238.641";"238.641";-0.0;1636221029696;1636221119696;"530.868;624.504;722.681;1198.869;4262.731;7102.514;7710.31;7852.675;7830.211;8309.578";"21h27m46.049s";"530.868;624.504;722.681;1198.869;4262.731;7102.514;7710.31;7852.675;7830.211;8309.578";"108133573258632378409";"Rastislav main"
"+67°21'53.98""";"221.172";"221.172";-0.0;1636220351720;1636220441721;"484.554;621.329;823.598;1905.577;5328.932;7727.2;8518.347;8741.719;8807.961;9432.582";"21h27m48.601s";"484.554;621.329;823.598;1905.577;5328.932;7727.2;8518.347;8741.719;8807.961;9432.582";"108133573258632378409";"Rastislav main"
"+67°21'44.00""";"272.836";"272.836";-0.0;1636220125282;1636220215285;"556.55;677.275;857.655;2120.747;5704.39;7950.512;8436.212;8476.728;8511.426;9340.639";"21h27m45.126s";"556.55;677.275;857.655;2120.747;5704.39;7950.512;8436.212;8476.728;8511.426;9340.639";"108133573258632378409";"Rastislav main"
"+67°21'50.31""";"261.624";"261.624";-0.0;1636220807893;1636220897894;"498.899;542.479;612.4;1440.44;4854.535;7238.351;7874.806;8093.118;7751.065;7824.016";"21h27m45.814s";"498.899;542.479;612.4;1440.44;4854.535;7238.351;7874.806;8093.118;7751.065;7824.016";"108133573258632378409";"Rastislav main"
"+67°21'56.67""";"254.248";"254.248";-0.0;1636220577908;1636220667916;"568.206;703.683;860.976;1554.157;4685.912;7530.096;8396.327;8517.211;8514.718;9341.866";"21h27m44.695s";"568.206;703.683;860.976;1554.157;4685.912;7530.096;8396.327;8517.211;8514.718;9341.866";"108133573258632378409";"Rastislav main"
"+67°21'54.53""";"280.592";"280.592";-0.0;1636219895322;1636219985322;"569.986;717.174;844.204;1847.496;5413.855;7800.815;8705.912;8895.192;8854.208;9418.307";"21h27m47.409s";"569.986;717.174;844.204;1847.496;5413.855;7800.815;8705.912;8895.192;8854.208;9418.307";"108133573258632378409";"Rastislav main"
"+67°21'52.70""";"248.35";"248.35";-0.0;1636221254325;1636221344328;"617.303;750.809;862.098;1478.674;4208.078;7498.016;8509.57;9023.432;9261.216;9967.243";"21h27m47.053s";"617.303;750.809;862.098;1478.674;4208.078;7498.016;8509.57;9023.432;9261.216;9967.243";"108133573258632378409";"Rastislav main"
"+67°21'35.11""";"263.164";"263.164";-0.0;1636216052515;1636216142718;"578.147;756.224;970.341;2692.857;6290.988;7820.502;8262.39;8409.967;8660.292;9925.363";"21h27m45.896s";"578.147;756.224;970.341;2692.857;6290.988;7820.502;8262.39;8409.967;8660.292;9925.363";"108133573258632378409";"Rastislav main"
"+67°22'00.22""";"285.889";"285.889";-0.0;1636219669724;1636219759708;"618.51;684.309;748.107;1286.763;3766.7;7303.367;8517.65;8710.282;8823.209;9548.098";"21h27m47.362s";"618.51;684.309;748.107;1286.763;3766.7;7303.367;8517.65;8710.282;8823.209;9548.098";"108133573258632378409";"Rastislav main"
"+67°21'49.62""";"260.978";"260.978";-0.0;1636219435602;1636219525607;"513.549;642.474;728.271;1799.032;5203.74;7222.23;7725.855;7831.92;7683.017;8298.996";"21h27m47.858s";"513.549;642.474;728.271;1799.032;5203.74;7222.23;7725.855;7831.92;7683.017;8298.996";"108133573258632378409";"Rastislav main"
"+67°21'44.02""";"268.901";"268.901";-0.0;1636218996912;1636219086793;"546.109;720.567;1004.468;2943.58;6279.261;7667.2;8025.691;8089.935;8391.677;9088.014";"21h27m46.676s";"546.109;720.567;1004.468;2943.58;6279.261;7667.2;8025.691;8089.935;8391.677;9088.014";"108133573258632378409";"Rastislav main"
"+67°21'45.94""";"256.458";"256.458";-0.0;1636217638207;1636217728208;"590.239;709.533;863.013;1209.873;3784.403;7151.669;8483.945;8943.155;8857.85;9494.604";"21h27m45.495s";"590.239;709.533;863.013;1209.873;3784.403;7151.669;8483.945;8943.155;8857.85;9494.604";"108133573258632378409";"Rastislav main"
"+67°21'45.94""";"256.617";"256.617";-0.0;1636216953963;1636217043968;"533.832;627.656;761.043;1542.511;4800.649;7195.943;7790.268;7982.031;7851.697;8637.499";"21h27m45.366s";"533.832;627.656;761.043;1542.511;4800.649;7195.943;7790.268;7982.031;7851.697;8637.499";"108133573258632378409";"Rastislav main"
"+67°21'46.00""";"252.519";"252.519";-0.0;1636216734172;1636216824174;"489.529;588.426;768.014;2112.561;5596.924;7611.911;8289.661;8717.25;8971.423;9817.026";"21h27m45.740s";"489.529;588.426;768.014;2112.561;5596.924;7611.911;8289.661;8717.25;8971.423;9817.026";"108133573258632378409";"Rastislav main"
"+67°21'47.70""";"221.459";"221.459";-0.0;1636219205737;1636219295738;"518.65;675.806;825.629;1380.881;4205.686;7343.442;8469.861;8823.268;9067.18;9690.194";"21h27m47.131s";"518.65;675.806;825.629;1380.881;4205.686;7343.442;8469.861;8823.268;9067.18;9690.194";"108133573258632378409";"Rastislav main"
"+67°21'45.53""";"216.427";"216.427";-0.0;1636218775425;1636218865424;"462.06;491.271;544.07;815.472;2998.63;6524.399;7584.677;7586.815;7369.616;7475.818";"21h27m46.447s";"462.06;491.271;544.07;815.472;2998.63;6524.399;7584.677;7586.815;7369.616;7475.818";"108133573258632378409";"Rastislav main"
"+67°21'41.17""";"253.109";"253.109";-0.0;1636218545796;1636218635802;"489.366;697.084;989.143;2679.456;6242.488;7820.879;8220.197;8134.48;8207.789;8814.943";"21h27m48.750s";"489.366;697.084;989.143;2679.456;6242.488;7820.879;8220.197;8134.48;8207.789;8814.943";"108133573258632378409";"Rastislav main"
"+67°21'47.27""";"210.816";"210.816";-0.0;1636218321917;1636218411925;"539.316;680.675;825.551;1070.344;3328.317;6759.869;8009.173;8264.642;8168.393;8476.077";"21h27m46.415s";"539.316;680.675;825.551;1070.344;3328.317;6759.869;8009.173;8264.642;8168.393;8476.077";"108133573258632378409";"Rastislav main"
"+67°21'48.17""";"246.398";"246.398";-0.0;1636218091877;1636218181877;"592.598;754.756;862.565;1113.502;2922.326;6875.597;8461.623;8996.322;8848.431;9272.223";"21h27m42.573s";"592.598;754.756;862.565;1113.502;2922.326;6875.597;8461.623;8996.322;8848.431;9272.223";"108133573258632378409";"Rastislav main"
"+67°21'39.27""";"224.357";"224.357";-0.0;1636217871568;1636217961570;"536.429;672.921;754.895;1327.433;4444.133;7214.877;7990.66;8148.756;8126.116;8599.657";"21h27m45.692s";"536.429;672.921;754.895;1327.433;4444.133;7214.877;7990.66;8148.756;8126.116;8599.657";"108133573258632378409";"Rastislav main"
"+67°21'43.37""";"263.722";"263.722";-0.0;1636217406886;1636217496890;"527.385;610.83;855.251;2252.244;5968.474;8122.067;8608.131;8879.363;9049.079;9861.934";"21h27m48.763s";"527.385;610.83;855.251;2252.244;5968.474;8122.067;8608.131;8879.363;9049.079;9861.934";"108133573258632378409";"Rastislav main"
"+67°21'47.48""";"248.315";"248.315";-0.0;1636217182818;1636217272848;"480.759;591.296;684.798;1403.719;4571.6;7245.724;8102.208;8503.402;8553.584;8899.107";"21h27m46.026s";"480.759;591.296;684.798;1403.719;4571.6;7245.724;8102.208;8503.402;8553.584;8899.107";"108133573258632378409";"Rastislav main"
"+67°22'02.16""";"233.597";"233.597";-0.0;1636216507097;1636216597102;"627.005;728.221;749.354;1074.134;3334.798;6901.883;8180.036;8568.711;8171.901;8566.865";"21h27m45.960s";"627.005;728.221;749.354;1074.134;3334.798;6901.883;8180.036;8568.711;8171.901;8566.865";"108133573258632378409";"Rastislav main"
"+67°21'45.05""";"270.312";"270.312";-0.0;1636216279899;1636216369902;"639.89;790.807;875.025;1491.9;4639.412;7719.723;8662.086;9070.055;9253.505;10075.462";"21h27m48.183s";"639.89;790.807;875.025;1491.9;4639.412;7719.723;8662.086;9070.055;9253.505;10075.462";"108133573258632378409";"Rastislav main"
"+67°21'53.33""";"199.166";"199.166";-0.0;1636215827539;1636215917547;"524.956;602.873;792.004;927.527;2523.224;6387.441;7940.845;8527.9;8415.192;8871.525";"21h27m45.191s";"524.956;602.873;792.004;927.527;2523.224;6387.441;7940.845;8527.9;8415.192;8871.525";"108133573258632378409";"Rastislav main"
"+67°21'39.23""";"668.539";"668.539";-0.0;1636215377682;1636215467686;"668.539;813.759;908.485;1222.058;2981.431;6812.547;8399.188;8800.945;8499.878;9077.463";"21h27m45.458s";"668.539;813.759;908.485;1222.058;2981.431;6812.547;8399.188;8800.945;8499.878;9077.463";"108133573258632378409";"Rastislav main"
"+67°21'46.63""";"301.154";"301.154";-0.0;1636215605174;1636215695185;"693.879;877.184;1059.481;2050.08;5470.246;7905.666;8406.472;8590.078;8608.132;9401.457";"21h27m48.751s";"693.879;877.184;1059.481;2050.08;5470.246;7905.666;8406.472;8590.078;8608.132;9401.457";"108133573258632378409";"Rastislav main"
"+67°21'46.76""";"235.414";"235.414";-0.0;1636215151032;1636215241034;"582.633;772.538;1043.773;2368.138;5954.797;7945.071;8354.156;8690.107;8938.15;9869.115";"21h27m48.739s";"582.633;772.538;1043.773;2368.138;5954.797;7945.071;8354.156;8690.107;8938.15;9869.115";"108133573258632378409";"Rastislav main"
"+67°21'43.54""";"279.498";"279.498";-0.0;1636214928410;1636215018413;"616.778;801.414;930.643;1410.215;4232.213;7454.288;8765.472;9015.183;9041.368;10106.275";"21h27m45.828s";"616.778;801.414;930.643;1410.215;4232.213;7454.288;8765.472;9015.183;9041.368;10106.275";"108133573258632378409";"Rastislav main"
"+67°21'48.36""";"255.045";"255.045";-0.0;1636214247443;1636214337450;"524.463;623.096;954.636;2845.257;6227.176;7675.413;7906.97;8204.383;8175.506;9030.692";"21h27m47.201s";"524.463;623.096;954.636;2845.257;6227.176;7675.413;7906.97;8204.383;8175.506;9030.692";"108133573258632378409";"Rastislav main"
"+67°21'44.54""";"272.563";"272.563";-0.0;1636214703601;1636214793605;"589.9;734.646;831.843;1429.085;4119.268;6937.421;7790.411;8106.139;7840.212;8138.332";"21h27m44.242s";"589.9;734.646;831.843;1429.085;4119.268;6937.421;7790.411;8106.139;7840.212;8138.332";"108133573258632378409";"Rastislav main"
"+67°21'53.49""";"249.966";"249.966";-0.0;1636214021940;1636214111943;"591.19;628.022;664.96;1135.604;3268.22;7057.369;8336.802;8582.49;8222.777;8375.78";"21h27m46.567s";"591.19;628.022;664.96;1135.604;3268.22;7057.369;8336.802;8582.49;8222.777;8375.78";"108133573258632378409";"Rastislav main"
"+67°21'50.49""";"270.602";"270.602";-0.0;1636213586940;1636213676929;"609.399;745.726;784.592;1524.826;4552.254;7649.652;8642.406;9009.441;9190.11;9944.056";"21h27m44.510s";"609.399;745.726;784.592;1524.826;4552.254;7649.652;8642.406;9009.441;9190.11;9944.056";"108133573258632378409";"Rastislav main"
"+67°21'33.56""";"243.495";"243.495";-0.0;1636213806163;1636213896165;"562.569;772.707;1158.445;3264.695;6773.825;7988.416;8373.891;8553.098;9051.658;9888.833";"21h27m45.160s";"562.569;772.707;1158.445;3264.695;6773.825;7988.416;8373.891;8553.098;9051.658;9888.833";"108133573258632378409";"Rastislav main"
"+67°21'50.49""";"270.602";"270.602";-0.0;1636213586940;1636213676929;"609.399;745.726;784.592;1524.826;4552.254;7649.652;8642.406;9009.441;9190.11;9944.056";"21h27m44.510s";"609.399;745.726;784.592;1524.826;4552.254;7649.652;8642.406;9009.441;9190.11;9944.056";"108133573258632378409";"Rastislav main"
"+67°21'36.66""";"285.359";"285.359";-0.0;1636212905863;1636212995863;"757.514;1137.137;1733.636;4556.612;8193.044;9634.25;9964.056;10691.8;11296.975;12510.921";"21h27m49.903s";"757.514;1137.137;1733.636;4556.612;8193.044;9634.25;9964.056;10691.8;11296.975;12510.921";"108133573258632378409";"Rastislav main"
"+67°21'24.37""";"250.144";"250.144";-0.0;1636212685355;1636212775355;"608.416;785.814;1040.736;1814.567;5057.126;7836.562;8818.076;9011.812;8314.666;9113.505";"21h27m44.340s";"608.416;785.814;1040.736;1814.567;5057.126;7836.562;8818.076;9011.812;8314.666;9113.505";"108133573258632378409";"Rastislav main"
"+67°21'53.49""";"249.966";"249.966";-0.0;1636214021940;1636214111943;"591.19;628.022;664.96;1135.604;3268.22;7057.369;8336.802;8582.49;8222.777;8375.78";"21h27m46.567s";"591.19;628.022;664.96;1135.604;3268.22;7057.369;8336.802;8582.49;8222.777;8375.78";"108133573258632378409";"Rastislav main"
"+67°21'49.78""";"736.839";"736.839";-0.0;1636213357856;1636213447859;"736.839;930.072;1214.211;1710.572;4415.034;7807.273;8988.777;9230.376;9244.013;9933.597";"21h27m46.220s";"736.839;930.072;1214.211;1710.572;4415.034;7807.273;8988.777;9230.376;9244.013;9933.597";"108133573258632378409";"Rastislav main"
"+67°21'51.31""";"256.099";"256.099";-0.0;1636213128328;1636213218329;"688.087;876.175;1043.901;1903.017;5334.118;8363.384;9420.535;9614.042;9217.866;9604.59";"21h27m46.666s";"688.087;876.175;1043.901;1903.017;5334.118;8363.384;9420.535;9614.042;9217.866;9604.59";"108133573258632378409";"Rastislav main"
"+67°21'43.54""";"279.498";"279.498";-0.0;1636214928410;1636215018413;"616.778;801.414;930.643;1410.215;4232.213;7454.288;8765.472;9015.183;9041.368;10106.275";"21h27m45.828s";"616.778;801.414;930.643;1410.215;4232.213;7454.288;8765.472;9015.183;9041.368;10106.275";"116093777562658009619";rasto_muni
"+67°21'33.56""";"243.495";"243.495";-0.0;1636213806163;1636213896165;"562.569;772.707;1158.445;3264.695;6773.825;7988.416;8373.891;8553.098;9051.658;9888.833";"21h27m45.160s";"562.569;772.707;1158.445;3264.695;6773.825;7988.416;8373.891;8553.098;9051.658;9888.833";"108133573258632378409";"Rastislav main"
