INSERT INTO public.space_object (id, name, catalog, catalog_id, catalog_rec, catalog_dec, coordinates, catalog_mag) VALUES (8961, 'Name', 'UCAC4', '807-030174', '21h41m55.291s', '+71°18''41.12"', '(15.126528993196784, -10.403804784150093, 54.274812912095946)', 6.26);
INSERT INTO public.space_object (id, name, catalog, catalog_id, catalog_rec, catalog_dec, coordinates, catalog_mag) VALUES (11055, '', 'UCAC4', '785-035437', '21h27m46.141s', '+66°48''32.74"', '(17.765750934953402, -13.908995380321254, 52.666158880624174)', 7);
INSERT INTO public.space_object (id, name, catalog, catalog_id, catalog_rec, catalog_dec, coordinates, catalog_mag) VALUES (11393, '', 'UCAC4', '801-033364', '22h10m38.791s', '+70°07''57.26"', '(17.29688235728754, -8.942264418466186, 53.88562069606448)', 6.81);
INSERT INTO public.space_object (id, name, catalog, catalog_id, catalog_rec, catalog_dec, coordinates, catalog_mag) VALUES (8962, '', 'UCAC4', '781-038873', '21h57m11.100s', '+66°09''22.15"', '(19.914739091822437, -11.826277229935597, 52.40561691075767)', 7.58);
INSERT INTO public.space_object (id, name, catalog, catalog_id, catalog_rec, catalog_dec, coordinates, catalog_mag) VALUES (10983, '', 'UCAC4', '777-044861', '21h55m30.999s', '+65°19''14.91"', '(20.480076652961547, -12.364538874166826, 52.06237594203496)', 7.16);
INSERT INTO public.space_object (id, name, catalog, catalog_id, catalog_rec, catalog_dec, coordinates, catalog_mag) VALUES (10765, '', 'UCAC4', '779-040824', '21h51m37.378s', '+65°45''08.51"', '(19.934283921241875, -12.501974267786899, 52.241088368894616)', 7.56);
INSERT INTO public.space_object (id, name, catalog, catalog_id, catalog_rec, catalog_dec, coordinates, catalog_mag) VALUES (8963, '', 'UCAC4', '801-032283', '21h47m00.849s', '+70°09''03.17"', '(16.270157215585755, -10.665745189721337, 53.89183809947294)', 7.58);

INSERT INTO public.photo_properties (id, exposure_begin, exposure_end) VALUES (296, '2021-11-06 16:27:45.652000', '2021-11-06 16:29:15.653000');
INSERT INTO public.photo_properties (id, exposure_begin, exposure_end) VALUES (295, '2021-11-06 16:31:25.355000', '2021-11-06 16:32:55.355000');

INSERT INTO public.users (google_sub, username, description) VALUES ('108133573258632378409', 'Rastislav', '');
INSERT INTO public.users (google_sub, username, description) VALUES ('108133573258632378410', 'Pavel', 'Description');
INSERT INTO public.users (google_sub, username, description) VALUES ('7899871233215', 'Anonymous', '**Anonymous user for client API upload**');

INSERT INTO public.flux (id, rec, dec, coordinates, ap_auto, object_id, user_id, photo_properties_id, apertures) VALUES (960931, '21h41m55.141s', '+71°18''41.04"', '(15.126436028164754, -10.403978207873815, 54.27480557816555)', 0, 8961, '108133573258632378409', 295, '{0.00000000000000000,0.00000000000000000,0.00000000000000000,0.00000000000000000,0.00000000000000000,0.00000000000000000,0.00000000000000000,0.00000000000000000,0.00000000000000000,0.00000000000000000}');
INSERT INTO public.flux (id, rec, dec, coordinates, ap_auto, object_id, user_id, photo_properties_id, apertures) VALUES (960934, '21h27m47.656s', '+66°48''39.50"', '(17.76593325332654, -13.905963718360233, 52.666897940867365)', 0, 11055, '108133573258632378409', 295, '{0.00000000000000000,0.00000000000000000,0.00000000000000000,0.00000000000000000,0.00000000000000000,0.00000000000000000,0.00000000000000000,0.00000000000000000,0.00000000000000000,0.00000000000000000}');
INSERT INTO public.flux (id, rec, dec, coordinates, ap_auto, object_id, user_id, photo_properties_id, apertures) VALUES (960935, '22h10m37.868s', '+70°07''56.33"', '(17.296503656420846, -8.943528060077584, 53.88553253994776)', 0, 11393, '108133573258632378409', 295, '{0.00000000000000000,0.00000000000000000,0.00000000000000000,0.00000000000000000,0.00000000000000000,0.00000000000000000,0.00000000000000000,0.00000000000000000,0.00000000000000000,0.00000000000000000}');
INSERT INTO public.flux (id, rec, dec, coordinates, ap_auto, object_id, user_id, photo_properties_id, apertures) VALUES (960938, '21h57m16.717s', '+66°08''55.16"', '(19.925462077123967, -11.821636933036562, 52.40258782968933)', 324657.28125, 8962, '108133573258632378409', 296, '{174262.97000000000000000,266682.66000000000000000,312648.34000000000000000,323365.40000000000000000,326733.00000000000000000,328216.94000000000000000,330798.97000000000000000,335772.12000000000000000,340905.78000000000000000,365146.50000000000000000}');
INSERT INTO public.flux (id, rec, dec, coordinates, ap_auto, object_id, user_id, photo_properties_id, apertures) VALUES (960941, '21h55m31.287s', '+65°19''16.14"', '(20.48007300906483, -12.363941306085616, 52.06251929108683)', 269642.09375, 10983, '108133573258632378409', 295, '{214934.80000000000000000,253932.67000000000000000,267090.20000000000000000,273131.22000000000000000,276699.75000000000000000,278039.56000000000000000,278569.72000000000000000,280042.90000000000000000,281407.70000000000000000,281476.47000000000000000}');
INSERT INTO public.flux (id, rec, dec, coordinates, ap_auto, object_id, user_id, photo_properties_id, apertures) VALUES (960945, '21h47m01.304s', '+70°08''59.41"', '(16.271331650233748, -10.66574685515624, 53.89148318947596)', 167987.875, 8963, '108133573258632378410', 295, '{145130.44000000000000000,163542.00000000000000000,167472.53000000000000000,168577.36000000000000000,169384.22000000000000000,171728.78000000000000000,175340.73000000000000000,180261.45000000000000000,182621.81000000000000000,185344.23000000000000000}');
INSERT INTO public.flux (id, rec, dec, coordinates, ap_auto, object_id, user_id, photo_properties_id, apertures) VALUES (960947, '21h51m37.725s', '+65°45''10.38"', '(19.93419537439890, -12.50123823035590, 52.241298294499940)', 177866.53130, 10765, '108133573258632378410', 295, '{145477.40000000000000000,168198.97000000000000000,176258.03000000000000000,180847.02000000000000000,185024.62000000000000000,189885.10000000000000000,192548.72000000000000000,193778.22000000000000000,195443.14000000000000000,197324.05000000000000000}');
INSERT INTO public.flux (id, rec, dec, coordinates, ap_auto, object_id, user_id, photo_properties_id, apertures) VALUES (960948, '21h51m37.711s', '+65°45''10.36"', '(19.93419537439897, -12.50123823035594, 52.241298294499934)', 177866.53125, 10765, '108133573258632378410', 295, '{145477.40000000000000000,168198.97000000000000000,176258.03000000000000000,180847.02000000000000000,185024.62000000000000000,189885.10000000000000000,192548.72000000000000000,193778.22000000000000000,195443.14000000000000000,197324.05000000000000000}');